CustomerID,ProductID,Region,Quantity,Discount,MarketingSpend,Cost,Sales,Profit,CustomerSatisfaction,RepeatPurchaseRate
1102,104,North,4,0.01,42.55,73.13,452.97,160.45,72.6,0.56
1435,132,North,1,0.14,192.8,114.33,165.63,51.3,76.44,0.58
1860,164,East,7,0.21,35.52,24.03,307.77,139.56,70.74,0.55
1270,117,North,2,0.22,105.4,14.27,42.81,14.27,71.1,0.56
1106,195,North,2,0.21,114.68,113.87,282.39,54.65,71.33,0.56
1071,148,North,9,0.04,234.55,71.01,1082.06,442.97,73.48,0.57
1700,110,South,5,0.09,134.28,107.1,827.16,291.66,76.97,0.58
1020,184,West,2,0.11,50.49,68.51,229.39,92.37,70.16,0.55
1614,125,East,9,0.24,83.75,92.63,1138.46,304.79,79.34,0.6
1121,162,East,9,0.08,73.64,39.94,809.67,450.21,72.22,0.56
1466,188,South,1,0.06,486.54,91.7,170.0,78.3,70.58,0.55
1214,185,West,3,0.29,379.65,78.24,411.64,176.92,74.74,0.57
1330,158,East,4,0.0,483.88,65.24,516.12,255.16,73.73,0.57
1458,126,North,7,0.3,219.87,25.63,268.45,89.04,77.63,0.59
1087,148,East,4,0.2,139.18,38.54,225.79,71.63,85.38,0.63
1372,176,North,2,0.25,399.15,24.53,103.59,54.53,70.74,0.55
1099,132,South,7,0.09,163.13,39.14,418.6,144.62,74.39,0.57
1871,197,North,6,0.0,149.69,47.99,458.41,170.47,67.35,0.54
1663,198,East,3,0.22,116.25,53.85,286.43,124.88,70.05,0.55
1130,100,East,6,0.25,64.84,54.27,569.52,243.9,74.95,0.57
1661,120,East,6,0.22,128.23,42.93,459.29,201.71,75.09,0.58
1308,154,South,5,0.04,177.66,86.72,636.61,203.01,85.39,0.63
1769,105,South,4,0.23,337.0,19.37,123.68,46.2,73.68,0.57
1343,191,West,1,0.23,31.28,19.34,29.13,9.79,68.95,0.54
1491,180,East,6,0.2,105.25,22.0,249.72,117.72,75.37,0.58
1413,168,North,2,0.23,404.51,67.37,194.64,59.9,64.23,0.52
1805,194,South,3,0.25,73.46,38.65,135.34,19.39,74.54,0.57
1385,104,East,8,0.18,171.32,46.03,474.27,106.03,73.68,0.57
1191,102,East,6,0.03,432.33,54.11,557.38,232.72,74.57,0.57
1955,152,South,3,0.15,77.46,70.21,427.52,216.89,77.87,0.59
1276,122,West,7,0.02,41.37,9.76,156.39,88.07,67.88,0.54
1160,152,South,4,0.12,242.27,56.78,493.96,266.84,71.65,0.56
1459,136,South,9,0.12,151.21,67.0,1119.51,516.51,68.57,0.54
1313,173,North,5,0.02,281.7,72.17,816.5,455.65,64.76,0.52
1021,173,North,3,0.1,401.9,89.82,527.41,257.95,73.55,0.57
1252,182,West,2,0.03,68.57,12.18,49.26,24.9,64.23,0.52
1747,116,East,2,0.24,290.35,32.56,86.99,21.87,72.73,0.56
1856,184,South,3,0.28,252.75,104.68,400.38,86.34,70.62,0.55
1560,177,West,2,0.02,72.04,66.7,204.57,71.17,73.15,0.57
1474,172,North,4,0.29,312.0,74.57,361.02,62.74,84.81,0.62
1058,100,South,2,0.16,136.82,60.44,240.94,120.06,66.69,0.53
1510,150,East,9,0.09,243.92,88.29,1177.08,382.47,62.53,0.51
1681,144,North,2,0.02,41.14,90.58,369.98,188.82,69.78,0.55
1475,176,North,9,0.15,229.79,118.02,1537.29,475.11,73.08,0.57
1699,103,North,6,0.24,153.23,75.16,689.97,239.01,75.89,0.58
1975,161,West,1,0.21,411.19,50.14,77.2,27.06,71.97,0.56
1782,164,East,4,0.02,28.49,85.44,700.58,358.82,69.4,0.55
1189,131,South,1,0.02,209.3,13.96,38.75,24.79,72.24,0.56
1957,133,West,6,0.12,229.22,41.84,336.68,85.64,77.6,0.59
1686,191,West,4,0.09,362.5,73.95,678.89,383.09,62.02,0.51
1957,194,West,3,0.07,287.14,40.26,198.82,78.04,69.56,0.55
1562,171,North,3,0.08,333.61,36.88,181.5,70.86,72.67,0.56
1875,138,East,9,0.24,388.52,29.2,326.29,63.49,70.21,0.55
1566,125,West,6,0.28,431.1,120.91,776.0,50.54,84.26,0.62
1243,133,South,9,0.12,156.94,76.2,879.13,193.33,69.22,0.55
1831,153,East,5,0.27,269.01,59.36,529.86,233.06,75.19,0.58
1504,102,South,2,0.1,420.05,40.75,134.46,52.96,74.78,0.57
1130,149,East,8,0.14,494.73,92.91,1101.09,357.81,69.84,0.55
1484,111,South,5,0.07,444.76,93.17,751.36,285.51,62.17,0.51
1818,164,North,2,0.19,185.73,33.44,132.84,65.96,71.66,0.56
1646,153,West,4,0.29,97.58,55.89,271.62,48.06,80.95,0.6
1020,104,South,9,0.18,244.7,40.12,438.39,77.31,71.92,0.56
1840,193,East,4,0.11,370.82,131.87,715.52,188.04,67.97,0.54
1166,193,West,4,0.19,246.28,72.43,453.63,163.91,78.43,0.59
1273,156,West,2,0.04,241.59,77.54,373.46,218.38,69.15,0.55
1387,116,East,6,0.27,419.12,37.95,347.75,120.05,72.85,0.56
1600,146,South,2,0.15,180.7,104.15,282.29,73.99,73.75,0.57
1315,122,North,7,0.13,429.9,96.36,982.83,308.31,76.45,0.58
1013,178,North,3,0.18,203.4,77.71,365.64,132.51,85.51,0.63
1241,184,South,3,0.19,164.12,80.73,479.18,236.99,77.94,0.59
1776,113,West,5,0.02,226.99,47.97,456.47,216.62,76.2,0.58
1345,165,West,3,0.2,381.22,23.54,123.53,52.91,71.47,0.56
1564,174,West,2,0.07,63.0,95.62,265.24,74.0,66.27,0.53
1897,150,West,9,0.21,98.21,89.6,1080.48,274.08,74.51,0.57
1339,137,South,2,0.25,475.72,60.95,209.05,87.15,75.54,0.58
1091,163,West,2,0.24,87.75,31.91,91.37,27.55,69.41,0.55
1366,197,East,8,0.17,283.86,46.52,749.92,377.76,72.52,0.56
1955,137,West,9,0.16,289.66,52.71,590.51,116.12,75.2,0.58
1454,149,North,7,0.04,244.81,49.25,663.7,318.95,72.6,0.56
1427,197,West,3,0.23,322.37,73.97,330.6,108.69,77.12,0.59
1508,181,South,9,0.08,114.91,78.08,1282.01,579.29,73.05,0.57
1775,129,North,3,0.15,276.33,37.37,171.41,59.3,70.46,0.55
1942,178,South,5,0.09,186.09,55.65,432.27,154.02,69.23,0.55
1034,190,South,9,0.04,330.83,42.07,607.94,229.31,64.81,0.52
1205,150,North,3,0.19,70.61,26.79,139.01,58.64,82.72,0.61
1080,162,South,7,0.02,285.44,79.65,1118.8,561.25,70.47,0.55
1931,197,South,1,0.22,92.64,80.37,147.89,67.52,73.28,0.57
1561,151,West,4,0.1,139.32,51.7,318.88,112.08,67.36,0.54
1871,137,East,4,0.0,109.35,63.95,626.39,370.59,84.68,0.62
1387,196,South,7,0.15,91.42,105.12,1084.25,348.41,67.63,0.54
1389,178,South,1,0.08,142.85,35.3,55.82,20.52,73.68,0.57
1565,129,West,5,0.21,463.56,102.74,782.1,268.4,77.2,0.59
1105,150,East,7,0.02,484.96,47.22,626.57,296.03,75.19,0.58
1771,180,North,4,0.25,285.63,34.3,257.47,120.27,84.04,0.62
1821,104,West,4,0.0,71.5,18.78,128.53,53.41,72.53,0.56
1476,128,West,4,0.07,187.27,69.49,409.31,131.35,66.12,0.53
1702,103,East,6,0.22,398.87,18.76,205.38,92.82,73.12,0.57
1401,109,East,7,0.09,183.7,34.08,421.56,183.0,73.34,0.57
1729,155,West,2,0.03,43.51,50.21,151.65,51.23,80.94,0.6
1555,116,North,5,0.11,278.39,109.81,750.79,201.74,65.21,0.53
1161,173,West,4,0.08,422.56,83.99,674.65,338.69,77.61,0.59
1201,116,East,3,0.25,397.96,42.07,187.4,61.19,75.9,0.58
1957,183,North,7,0.09,87.56,79.91,1116.36,556.99,75.99,0.58
1995,187,East,6,0.24,336.38,75.05,811.63,361.33,74.29,0.57
1269,168,North,7,0.27,110.25,106.14,811.04,68.06,71.19,0.56
1862,133,South,5,0.13,109.1,29.98,207.32,57.42,76.35,0.58
1815,105,East,6,0.27,437.04,90.6,653.7,110.1,78.67,0.59
1270,152,East,5,0.11,124.83,78.82,852.21,458.11,77.06,0.59
1455,165,West,7,0.29,131.62,93.3,716.58,63.48,75.73,0.58
1461,176,East,2,0.03,0.33,42.35,154.62,69.92,67.6,0.54
1726,142,East,5,0.21,435.33,55.35,456.68,179.93,66.41,0.53
1251,174,South,6,0.15,396.3,76.83,714.59,253.61,77.1,0.59
1701,122,East,6,0.12,313.66,47.83,606.53,319.55,74.52,0.57
1295,154,South,5,0.19,375.13,26.08,187.2,56.8,68.97,0.54
1724,179,South,7,0.21,76.02,43.78,425.03,118.57,71.51,0.56
1719,194,South,8,0.0,229.16,74.98,1326.91,727.07,67.67,0.54
1748,174,South,7,0.05,175.61,79.91,1172.9,613.53,63.59,0.52
1337,115,North,5,0.21,46.89,20.36,178.96,77.16,70.11,0.55
1878,107,West,1,0.2,243.07,79.85,165.3,85.45,68.33,0.54
1052,103,North,5,0.29,460.37,45.64,304.14,75.94,73.74,0.57
1791,103,East,2,0.23,20.03,90.78,215.39,33.83,70.91,0.55
1921,155,North,5,0.29,145.73,62.95,558.7,243.95,67.66,0.54
1216,124,North,5,0.21,103.77,68.9,661.48,316.98,84.31,0.62
1763,166,East,2,0.09,119.07,108.78,352.18,134.62,78.06,0.59
1187,195,East,5,0.03,454.22,49.29,392.89,146.44,66.7,0.53
1379,166,East,4,0.23,234.03,86.92,549.26,201.58,75.96,0.58
1492,126,North,1,0.19,233.15,22.07,47.06,24.99,75.89,0.58
1040,192,North,3,0.01,380.29,85.05,455.33,200.18,76.16,0.58
1156,131,East,1,0.11,77.25,74.05,140.53,66.48,68.11,0.54
1014,149,West,5,0.29,243.63,57.93,516.25,226.6,81.26,0.61
1812,160,West,4,0.15,214.99,40.6,233.17,70.77,70.26,0.55
1064,150,South,7,0.13,298.46,104.11,1093.75,364.98,65.92,0.53
1856,118,East,5,0.14,499.78,28.94,241.69,96.99,76.42,0.58
1838,120,South,4,0.06,384.72,18.46,130.74,56.9,77.65,0.59
1520,104,West,2,0.11,198.93,89.87,275.42,95.68,85.14,0.63
1343,181,South,4,0.11,413.78,48.76,396.57,201.53,66.2,0.53
1128,191,East,2,0.02,85.35,87.41,343.03,168.21,73.89,0.57
1647,141,East,8,0.23,15.23,38.97,549.07,237.31,72.55,0.56
1471,160,East,3,0.12,102.22,22.08,137.88,71.64,76.32,0.58
1062,121,North,9,0.25,170.21,102.82,1159.79,234.41,67.65,0.54
1138,120,South,4,0.26,255.29,78.12,364.42,51.94,68.89,0.54
1498,169,West,6,0.06,307.56,37.23,320.25,96.87,67.32,0.54
1592,100,West,5,0.2,455.3,88.08,621.44,181.04,74.39,0.57
1391,104,West,1,0.14,254.93,50.99,109.07,58.08,69.59,0.55
1674,111,North,9,0.26,250.64,55.59,870.18,369.87,78.5,0.59
1418,189,North,1,0.06,25.12,66.29,98.04,31.75,76.33,0.58
1288,145,East,8,0.2,17.46,97.04,1083.55,307.23,77.0,0.58
1378,133,West,9,0.18,275.58,99.14,1263.37,371.11,81.69,0.61
1772,148,North,9,0.09,219.09,93.7,1220.54,377.24,73.88,0.57
1489,177,East,1,0.04,419.59,23.81,58.39,34.58,64.72,0.52
1230,189,West,2,0.2,80.34,111.2,277.61,55.21,80.82,0.6
1040,144,South,1,0.22,12.49,58.69,110.43,51.74,71.37,0.56
1027,126,East,2,0.09,224.52,90.81,275.97,94.35,76.35,0.58
1134,172,North,8,0.19,118.74,55.92,558.92,111.56,81.67,0.61
1200,125,North,5,0.12,24.81,86.61,785.63,352.58,74.68,0.57
1839,146,East,7,0.21,362.3,89.16,850.75,226.63,66.72,0.53
1779,185,East,2,0.06,55.8,19.9,78.49,38.69,66.61,0.53
1929,155,North,8,0.27,304.16,64.2,560.66,47.06,82.01,0.61
1032,193,South,6,0.09,140.52,73.62,987.36,545.64,70.95,0.55
1047,162,West,8,0.11,86.75,16.35,207.22,76.42,72.6,0.56
1502,147,South,1,0.02,189.88,86.87,198.69,111.82,74.19,0.57
1406,160,East,1,0.03,400.72,87.29,158.02,70.73,74.08,0.57
1573,180,South,7,0.15,196.05,60.51,805.01,381.44,74.39,0.57
1727,125,North,8,0.08,375.38,32.33,524.41,265.77,70.56,0.55
1804,135,East,3,0.25,62.74,35.52,148.9,42.34,73.44,0.57
1098,100,West,5,0.0,386.39,127.86,967.17,327.87,74.29,0.57
1683,107,North,1,0.11,118.47,34.16,71.51,37.35,74.97,0.57
1871,198,North,7,0.1,338.7,70.74,1022.36,527.18,70.71,0.55
1725,151,West,5,0.01,282.89,56.97,463.42,178.57,75.61,0.58
1986,178,West,8,0.04,464.57,24.79,369.33,171.01,70.15,0.55
1546,146,South,8,0.12,193.66,14.77,164.06,45.9,68.14,0.54
1960,155,East,9,0.15,33.08,52.38,904.1,432.68,69.21,0.55
1738,185,West,7,0.12,9.58,116.17,1205.62,392.43,67.51,0.54
1612,113,West,1,0.16,413.43,40.62,93.28,52.66,71.84,0.56
1942,189,East,3,0.18,262.37,37.68,220.48,107.44,79.77,0.6
1461,127,West,8,0.0,387.62,49.57,674.87,278.31,65.97,0.53
1642,186,West,3,0.14,117.21,65.73,299.2,102.01,73.74,0.57
1768,177,South,8,0.29,172.54,62.22,572.76,75.0,72.52,0.56
1004,187,North,1,0.16,15.05,87.91,150.6,62.69,71.9,0.56
1217,101,North,5,0.2,480.75,59.31,468.01,171.46,66.45,0.53
1502,125,North,4,0.09,333.93,58.11,422.18,189.74,70.7,0.55
1766,113,North,5,0.23,466.6,31.22,196.22,40.12,73.63,0.57
1397,158,West,8,0.23,132.75,96.02,1219.5,451.34,77.3,0.59
1870,155,East,4,0.16,305.73,31.75,233.67,106.67,74.32,0.57
1794,106,East,4,0.29,339.25,16.81,111.27,44.03,69.81,0.55
1392,102,South,3,0.04,158.77,79.35,409.31,171.26,76.22,0.58
1206,122,South,7,0.01,424.05,60.49,902.46,479.03,71.25,0.56
1014,117,West,3,0.23,473.58,63.9,242.5,50.8,75.59,0.58
1857,137,East,3,0.24,442.43,46.05,240.99,102.84,74.75,0.57
1553,198,East,5,0.04,369.53,107.88,792.77,253.37,68.21,0.54
1891,114,North,5,0.08,138.73,23.81,260.99,141.94,72.69,0.56
1460,163,West,6,0.01,140.81,100.08,1002.86,402.38,72.58,0.56
1690,188,West,8,0.09,481.68,91.93,1019.8,284.36,63.07,0.52
1574,127,North,6,0.23,5.14,43.0,441.07,183.07,71.91,0.56
1863,173,West,1,0.16,358.02,70.74,103.95,33.21,71.93,0.56
1742,138,West,8,0.1,353.12,35.47,494.27,210.51,73.28,0.57
1240,156,South,8,0.11,311.34,106.24,1121.88,271.96,78.17,0.59
1563,116,East,9,0.0,495.05,67.73,1035.61,426.04,66.14,0.53
1095,185,West,9,0.09,155.94,38.14,644.6,301.34,69.31,0.55
1899,189,South,2,0.19,169.99,58.11,214.71,98.49,71.24,0.56
1733,143,East,2,0.29,39.47,97.85,284.88,89.18,71.79,0.56
1484,124,North,3,0.25,221.4,42.08,232.35,106.11,73.26,0.57
1406,116,South,1,0.01,130.52,82.31,190.39,108.08,74.05,0.57
1230,112,South,4,0.27,171.69,35.42,248.33,106.65,70.13,0.55
1748,183,East,4,0.23,417.29,15.73,112.81,49.89,76.74,0.58
1654,124,North,9,0.23,467.74,36.25,416.76,90.51,66.09,0.53
1170,167,South,9,0.14,92.87,42.19,742.77,363.06,69.99,0.55
1540,109,West,9,0.12,186.25,26.14,480.82,245.56,70.75,0.55
1035,166,West,7,0.09,464.32,11.88,150.88,67.72,80.17,0.6
1524,117,West,2,0.02,30.9,84.81,363.56,193.94,69.03,0.55
1838,185,South,4,0.07,81.4,69.13,575.51,298.99,61.41,0.51
1698,133,West,8,0.15,297.61,34.0,356.29,84.29,73.17,0.57
1242,107,North,2,0.22,75.24,26.93,68.76,14.9,77.47,0.59
1085,139,West,6,0.14,484.04,16.28,190.19,92.51,74.68,0.57
1795,182,East,5,0.02,223.36,89.71,747.76,299.21,71.24,0.56
1577,141,South,2,0.29,250.76,105.05,278.34,68.24,81.61,0.61
1681,140,South,1,0.28,123.33,58.8,76.36,17.56,72.9,0.56
1556,105,North,8,0.24,235.48,25.07,263.76,63.2,79.27,0.6
1573,151,North,2,0.3,330.96,66.06,173.67,41.55,67.84,0.54
1952,125,South,7,0.16,375.59,39.73,505.58,227.47,68.68,0.54
1645,163,West,9,0.29,376.93,36.01,577.77,253.68,66.76,0.53
1795,197,West,9,0.02,288.95,70.75,1177.27,540.52,69.03,0.55
1027,158,East,8,0.11,452.18,99.67,1086.12,288.76,71.97,0.56
1619,155,West,9,0.07,408.7,22.78,354.47,149.45,71.97,0.56
1555,158,North,2,0.06,378.52,17.16,68.57,34.25,71.51,0.56
1339,169,North,6,0.04,27.8,138.79,1147.51,314.77,66.16,0.53
1797,132,West,4,0.19,3.44,27.79,200.7,89.54,72.85,0.56
1957,152,North,4,0.23,106.22,18.04,96.75,24.59,67.11,0.54
1330,121,South,5,0.17,331.76,32.63,241.42,78.27,80.22,0.6
1639,120,South,3,0.04,205.6,18.75,88.08,31.83,69.28,0.55
1505,169,West,1,0.24,201.2,62.98,78.86,15.88,72.36,0.56
1347,169,South,8,0.19,442.29,99.65,1087.64,290.44,81.74,0.61
1472,103,South,5,0.12,447.78,38.52,380.65,188.05,66.19,0.53
1230,193,East,3,0.2,454.59,63.93,262.62,70.83,68.37,0.54
1189,174,East,7,0.08,156.94,61.19,919.79,491.46,66.12,0.53
1224,161,South,7,0.1,345.53,70.78,720.36,224.9,71.66,0.56
1384,161,West,1,0.28,135.82,117.83,132.83,15.0,77.76,0.59
1376,193,East,9,0.09,95.3,90.56,1445.27,630.23,75.5,0.58
1282,194,North,2,0.14,92.32,12.83,42.08,16.42,85.66,0.63
1957,123,North,5,0.27,171.05,84.67,592.73,169.38,64.15,0.52
1632,154,North,5,0.21,214.98,54.69,417.33,143.88,77.24,0.59
1972,102,South,8,0.04,59.95,67.25,824.62,286.62,67.87,0.54
1744,130,North,7,0.0,367.46,134.56,1401.86,459.94,66.9,0.53
1258,139,West,7,0.19,265.73,106.31,896.8,152.63,69.26,0.55
1358,135,East,6,0.13,143.97,29.29,345.19,169.45,81.02,0.61
1709,123,South,6,0.04,246.41,77.44,685.73,221.09,75.01,0.58
1455,194,East,9,0.29,149.97,123.37,1276.45,166.12,75.92,0.58
1410,105,West,6,0.16,298.04,82.97,893.65,395.83,79.96,0.6
1648,165,North,2,0.07,216.92,15.77,80.64,49.1,63.84,0.52
1317,183,North,2,0.15,82.2,70.69,254.26,112.88,66.35,0.53
1676,191,West,5,0.2,58.29,55.38,331.73,54.83,63.11,0.52
1224,174,North,4,0.02,273.35,12.54,96.99,46.83,66.9,0.53
1818,103,South,2,0.08,451.21,57.09,192.99,78.81,72.41,0.56
1233,178,West,3,0.24,171.98,29.71,150.54,61.41,75.31,0.58
1683,105,East,7,0.14,366.5,103.09,1026.05,304.42,73.55,0.57
1663,193,West,8,0.16,329.33,32.97,558.9,295.14,66.14,0.53
1974,150,South,6,0.13,465.78,86.61,905.23,385.57,76.62,0.58
1826,161,South,5,0.01,410.49,11.82,120.06,60.96,71.4,0.56
1373,156,West,1,0.05,283.3,33.47,85.8,52.33,74.67,0.57
1671,165,West,8,0.13,328.52,41.02,457.76,129.6,63.14,0.52
1607,178,North,3,0.06,449.19,29.19,197.42,109.85,72.76,0.56
1471,174,South,6,0.01,199.76,19.22,201.69,86.37,64.26,0.52
1232,107,West,3,0.25,163.4,28.0,128.96,44.96,73.01,0.57
1691,125,West,7,0.29,5.41,69.46,596.67,110.45,78.47,0.59
1112,150,South,7,0.24,413.28,31.31,406.07,186.9,75.26,0.58
1829,144,West,9,0.26,400.49,38.54,653.6,306.74,70.94,0.55
1496,143,North,5,0.07,52.23,59.1,411.05,115.55,71.43,0.56
1441,104,South,8,0.29,288.43,85.44,1023.55,340.03,68.14,0.54
1563,169,North,8,0.06,231.99,118.17,1387.41,442.05,76.95,0.58
1267,125,North,1,0.29,59.35,76.09,80.17,4.08,74.77,0.57
1509,167,North,5,0.3,490.28,36.81,302.51,118.46,81.59,0.61
1806,118,North,3,0.21,107.35,18.81,98.33,41.9,71.57,0.56
1385,183,South,1,0.29,33.62,114.75,137.73,22.98,73.18,0.57
1386,196,North,4,0.17,297.42,21.27,117.26,32.18,69.58,0.55
1112,119,North,8,0.08,369.43,49.65,560.0,162.8,75.98,0.58
1612,111,West,3,0.13,16.22,40.57,193.04,71.33,69.05,0.55
1624,146,South,2,0.18,329.36,49.6,143.85,44.65,76.82,0.58
1951,100,South,9,0.02,266.15,21.85,450.53,253.88,68.49,0.54
1080,189,East,5,0.19,51.63,111.59,654.51,96.56,63.92,0.52
1698,113,South,7,0.29,86.26,28.99,213.3,10.37,72.95,0.56
1112,163,South,2,0.06,283.99,60.31,266.65,146.03,65.3,0.53
1001,137,East,9,0.24,148.18,20.72,296.69,110.21,74.97,0.57
1641,136,South,9,0.27,469.16,14.06,238.27,111.73,69.45,0.55
1219,110,South,4,0.28,409.37,88.45,549.52,195.72,80.23,0.6
1565,199,South,4,0.29,491.78,34.96,178.58,38.74,75.34,0.58
1854,176,South,6,0.16,129.84,86.18,852.33,335.25,72.31,0.56
1996,102,East,6,0.29,484.86,50.34,527.07,225.03,79.08,0.6
1735,132,South,1,0.23,215.62,17.1,36.97,19.87,79.42,0.6
1384,149,East,2,0.14,25.17,37.96,112.12,36.2,68.94,0.54
1402,109,West,5,0.22,26.38,91.71,682.79,224.24,65.53,0.53
1637,104,North,9,0.07,346.01,22.67,439.03,235.0,67.97,0.54
1129,122,West,4,0.19,228.96,120.88,574.27,90.75,70.71,0.55
1052,109,East,3,0.2,113.26,14.46,59.38,16.0,74.54,0.57
1683,143,North,7,0.05,306.99,54.32,760.95,380.71,69.27,0.55
1729,101,East,6,0.17,126.43,66.73,795.65,395.27,76.84,0.58
1671,112,East,8,0.23,288.82,78.5,1174.14,546.14,71.54,0.56
1709,139,South,3,0.15,179.6,80.1,477.3,237.0,72.71,0.56
1415,101,North,5,0.0,411.78,96.2,858.25,377.25,75.92,0.58
1246,183,South,4,0.0,410.35,122.07,740.02,251.74,71.71,0.56
1835,164,North,4,0.11,238.68,30.67,210.79,88.11,71.9,0.56
1438,162,East,4,0.28,175.41,46.45,213.69,27.89,72.59,0.56
1202,172,East,8,0.07,181.28,38.44,544.85,237.33,68.23,0.54
1183,116,West,6,0.19,402.86,53.83,447.19,124.21,69.55,0.55
1122,108,North,3,0.07,164.09,56.25,261.53,92.78,68.69,0.54
1400,174,South,5,0.1,104.53,53.37,536.32,269.47,75.78,0.58
1766,114,West,6,0.25,42.34,24.8,221.62,72.82,73.89,0.57
1293,123,West,5,0.22,233.35,85.38,574.92,148.02,67.65,0.54
1279,137,West,6,0.03,241.07,21.13,304.0,177.22,79.44,0.6
1836,134,South,8,0.13,420.45,38.57,548.98,240.42,74.2,0.57
1883,193,West,7,0.01,110.62,61.99,772.0,338.07,63.17,0.52
1609,194,South,5,0.14,190.5,114.17,711.97,141.12,70.59,0.55
1197,148,West,6,0.2,404.2,83.04,755.11,256.87,74.55,0.57
1981,168,South,4,0.04,411.81,87.82,543.58,192.3,79.32,0.6
1906,161,East,9,0.09,192.31,25.44,403.06,174.1,66.26,0.53
1510,159,East,4,0.12,229.56,75.69,428.49,125.73,77.28,0.59
1751,149,East,1,0.28,151.64,20.68,33.32,12.64,82.6,0.61
1143,177,East,7,0.3,466.28,58.56,454.15,44.23,72.86,0.56
1608,174,East,7,0.01,59.32,49.42,657.39,311.45,68.81,0.54
1200,108,West,4,0.23,466.87,15.79,107.01,43.85,69.42,0.55
1123,133,West,3,0.11,341.93,40.83,202.18,79.69,71.18,0.56
1186,175,West,8,0.12,265.79,100.85,1365.09,558.29,72.22,0.56
1325,198,South,5,0.23,16.33,84.96,738.68,313.88,77.9,0.59
1463,134,South,7,0.28,237.8,35.71,432.32,182.35,81.05,0.61
1348,100,South,4,0.29,203.87,11.24,89.03,44.07,72.06,0.56
1770,139,South,4,0.17,80.61,34.58,177.46,39.14,63.56,0.52
1659,163,East,8,0.11,328.2,42.67,661.48,320.12,72.09,0.56
1763,121,East,8,0.24,485.58,88.33,1183.13,476.49,76.27,0.58
1954,159,East,2,0.08,281.09,28.19,97.62,41.24,72.85,0.56
1931,163,North,2,0.17,357.38,78.09,279.21,123.03,71.77,0.56
1402,192,West,3,0.11,34.23,21.83,107.34,41.85,72.82,0.56
1345,171,South,3,0.2,208.83,88.24,482.34,217.62,81.58,0.61
1962,110,South,1,0.07,58.18,61.01,85.39,24.38,73.31,0.57
1510,113,East,3,0.06,306.4,104.58,465.23,151.49,69.33,0.55
1146,159,South,6,0.28,469.24,53.83,376.26,53.28,73.1,0.57
1147,129,South,8,0.03,330.89,69.42,1048.47,493.11,69.75,0.55
1863,134,West,6,0.15,38.4,34.3,280.19,74.39,81.18,0.61
1710,184,East,5,0.07,177.33,20.51,224.09,121.54,70.48,0.55
1819,136,West,4,0.01,275.33,76.03,761.62,457.5,70.1,0.55
1488,104,North,3,0.01,201.6,75.18,560.05,334.51,67.79,0.54
1928,182,North,4,0.05,416.82,103.53,703.87,289.75,76.49,0.58
1935,177,North,7,0.26,407.34,71.14,707.12,209.14,85.0,0.62
1639,125,East,1,0.08,305.92,91.91,167.55,75.64,73.85,0.57
1550,161,South,7,0.29,186.73,13.04,170.5,79.22,76.21,0.58
1337,103,East,1,0.17,127.67,42.28,73.0,30.72,73.58,0.57
1871,188,East,2,0.13,52.94,47.06,135.7,41.58,60.68,0.5
1640,141,South,4,0.17,177.45,71.62,455.13,168.65,77.13,0.59
1778,188,West,1,0.16,206.59,52.1,80.95,28.85,73.87,0.57
1987,117,North,9,0.23,337.91,21.96,340.74,143.1,76.74,0.58
1952,139,West,6,0.08,329.08,82.02,719.5,227.38,68.04,0.54
1472,171,North,1,0.11,35.05,96.04,150.02,53.98,70.28,0.55
1945,138,East,1,0.27,197.63,41.13,74.69,33.56,73.34,0.57
1150,113,North,6,0.28,90.89,20.63,193.8,70.02,80.71,0.6
1414,131,East,4,0.27,78.41,32.6,165.7,35.3,73.51,0.57
1989,150,West,4,0.13,413.65,40.72,239.04,76.16,83.01,0.62
1297,137,East,6,0.23,20.96,38.82,342.84,109.92,76.75,0.58
1610,196,West,7,0.14,209.59,64.8,827.41,373.81,66.42,0.53
1262,122,South,9,0.15,84.1,84.61,984.71,223.22,72.36,0.56
1763,162,South,5,0.06,439.67,87.29,704.87,268.42,67.94,0.54
1143,114,South,9,0.18,278.52,45.56,643.07,233.03,62.63,0.51
1345,196,East,4,0.06,115.69,91.96,638.67,270.83,79.2,0.6
1623,124,South,2,0.1,251.21,26.17,114.68,62.34,75.52,0.58
1571,116,North,3,0.26,365.74,61.41,250.12,65.89,77.87,0.59
1880,196,West,1,0.06,479.06,83.34,178.27,94.93,72.03,0.56
1001,165,West,6,0.02,110.22,36.63,313.79,94.01,63.49,0.52
1896,177,North,6,0.02,443.09,21.64,256.03,126.19,67.98,0.54
1303,152,East,1,0.28,467.15,97.73,152.28,54.55,79.81,0.6
1253,150,East,3,0.15,458.21,46.56,231.32,91.64,67.74,0.54
1651,138,West,5,0.12,317.71,96.59,645.51,162.56,59.74,0.5
1452,150,South,3,0.24,314.91,15.73,71.75,24.56,73.66,0.57
1036,169,East,3,0.25,201.61,77.2,334.55,102.95,74.29,0.57
1159,105,East,3,0.1,376.2,47.34,226.44,84.42,72.68,0.56
1008,166,North,5,0.21,265.65,17.3,131.91,45.41,77.84,0.59
1232,106,North,5,0.23,338.72,71.07,516.54,161.19,77.79,0.59
1098,150,South,4,0.2,214.23,28.99,213.41,97.45,75.29,0.58
1658,171,East,1,0.05,365.75,48.32,103.43,55.11,76.98,0.58
1815,141,East,5,0.26,412.24,16.35,148.28,66.53,67.61,0.54
1207,163,North,5,0.16,73.22,31.35,198.92,42.17,75.72,0.58
1130,114,East,4,0.08,416.46,36.86,291.8,144.36,74.73,0.57
1403,128,West,6,0.13,270.15,24.79,202.25,53.51,66.4,0.53
1151,132,North,4,0.01,422.33,103.0,749.55,337.55,62.69,0.51
1053,193,South,7,0.04,215.65,12.43,152.5,65.49,67.07,0.54
1119,126,North,7,0.23,189.52,60.28,586.72,164.76,71.29,0.56
1672,135,East,2,0.0,457.53,18.51,107.25,70.23,73.77,0.57
1919,128,South,3,0.12,125.58,38.65,205.29,89.34,69.33,0.55
1627,137,North,1,0.16,422.11,80.23,177.93,97.7,68.92,0.54
1586,156,West,8,0.02,242.01,28.82,397.08,166.52,67.34,0.54
1624,196,West,9,0.29,257.05,103.53,1251.55,319.78,81.39,0.61
1967,126,North,4,0.07,154.23,36.13,219.91,75.39,71.47,0.56
1419,154,West,6,0.09,286.52,71.54,852.34,423.1,70.9,0.55
1421,132,West,9,0.09,162.61,53.21,977.84,498.95,71.25,0.56
1103,167,West,6,0.07,19.63,93.53,1000.95,439.77,77.86,0.59
1851,185,South,9,0.0,136.0,81.17,1084.27,353.74,66.25,0.53
1253,165,West,4,0.22,3.19,71.26,362.77,77.73,80.98,0.6
1226,109,West,8,0.29,489.18,29.01,337.9,105.82,76.85,0.58
1111,104,West,9,0.07,482.87,27.72,441.98,192.5,70.6,0.55
1509,173,South,4,0.2,197.58,78.66,601.78,287.14,86.5,0.63
1472,196,North,5,0.22,364.19,54.94,326.35,51.65,69.12,0.55
1098,137,East,8,0.25,172.9,52.18,530.49,113.05,73.23,0.57
1152,112,West,6,0.13,335.55,76.13,835.11,378.33,66.44,0.53
1860,130,North,7,0.09,402.72,46.63,536.03,209.62,76.56,0.58
1913,146,West,3,0.1,473.38,82.83,540.37,291.88,80.45,0.6
1895,199,South,7,0.21,200.11,105.41,855.14,117.27,82.55,0.61
1877,187,North,8,0.25,391.65,57.7,784.81,323.21,81.12,0.61
1337,151,South,6,0.05,132.96,106.14,1024.45,387.61,70.01,0.55
1705,155,West,9,0.11,495.17,13.7,256.48,133.18,70.37,0.55
1821,114,West,6,0.27,12.88,40.77,290.91,46.29,67.04,0.54
1162,128,South,9,0.24,301.76,65.65,724.44,133.59,84.98,0.62
1719,107,East,4,0.3,329.75,36.64,186.88,40.32,78.34,0.59
1956,104,South,8,0.23,344.02,89.93,965.24,245.8,72.14,0.56
1680,128,West,4,0.12,60.19,123.84,655.82,160.46,79.04,0.6
1995,146,South,2,0.18,469.26,40.78,181.36,99.8,68.74,0.54
1160,167,East,9,0.2,90.59,40.73,591.93,225.36,76.03,0.58
1579,175,South,5,0.02,311.38,91.61,961.66,503.61,69.54,0.55
1800,144,East,4,0.16,111.34,69.69,341.81,63.05,76.39,0.58
1397,101,East,2,0.21,153.61,55.83,178.37,66.71,73.88,0.57
1276,126,South,1,0.05,273.23,51.63,92.79,41.16,63.75,0.52
1815,194,South,7,0.23,208.6,111.23,1000.67,222.06,74.98,0.57
1915,135,North,6,0.18,80.11,56.75,606.27,265.77,78.84,0.59
1503,135,West,2,0.29,85.47,74.15,227.49,79.19,75.65,0.58
1895,125,East,8,0.01,209.07,80.47,1326.17,682.41,74.08,0.57
1391,142,North,4,0.08,378.64,42.67,318.97,148.29,66.37,0.53
1134,126,South,8,0.18,448.98,46.12,665.76,296.8,73.47,0.57
1194,168,West,7,0.09,42.06,70.11,1102.36,611.59,68.68,0.54
1400,119,North,5,0.21,196.55,56.68,347.1,63.7,77.93,0.59
1639,110,East,8,0.23,50.12,112.36,1006.02,107.14,74.76,0.57
1687,137,East,5,0.15,330.86,66.29,578.3,246.85,78.44,0.59
1459,105,South,5,0.15,301.22,61.72,667.41,358.81,76.46,0.58
1954,171,West,2,0.11,81.51,99.62,297.63,98.39,73.57,0.57
1882,122,West,5,0.28,116.91,111.46,625.43,68.13,70.61,0.55
1469,146,West,3,0.25,11.85,40.45,205.59,84.24,74.99,0.57
1374,189,South,7,0.21,417.47,13.09,182.5,90.87,71.53,0.56
1021,145,East,5,0.21,487.35,58.82,389.1,95.0,72.48,0.56
1749,111,South,8,0.14,67.73,82.63,975.37,314.33,70.93,0.55
1669,189,West,1,0.28,115.74,41.79,78.55,36.76,70.7,0.55
1037,112,South,3,0.21,434.2,90.84,388.62,116.1,64.41,0.52
1229,161,South,3,0.22,463.23,41.51,220.32,95.79,71.06,0.56
1364,181,South,9,0.26,209.81,68.55,904.62,287.67,76.17,0.58
1562,188,East,5,0.08,25.31,33.79,247.62,78.67,64.86,0.52
1437,196,North,9,0.24,19.7,99.64,1060.41,163.65,74.88,0.57
1775,159,North,9,0.06,286.97,61.49,1014.53,461.12,80.7,0.6
1282,142,South,1,0.1,196.45,38.81,60.88,22.07,77.12,0.59
1026,175,North,2,0.1,14.33,37.86,131.3,55.58,80.22,0.6
1225,199,North,5,0.29,291.63,97.73,563.94,75.29,77.76,0.59
1276,167,South,4,0.26,5.65,58.26,316.61,83.57,81.04,0.61
1797,104,South,9,0.21,393.69,39.41,438.36,83.67,70.58,0.55
1608,136,West,7,0.22,153.22,130.5,1067.5,154.0,71.18,0.56
1283,171,North,6,0.17,20.13,63.39,741.64,361.3,59.7,0.5
1878,191,East,7,0.28,294.18,130.94,983.82,67.24,81.53,0.61
1959,130,South,1,0.15,198.84,62.74,92.29,29.55,80.7,0.6
1480,108,West,1,0.11,486.9,67.26,118.26,51.0,69.43,0.55
1452,150,East,8,0.05,272.1,83.6,1394.01,725.21,69.73,0.55
1828,128,North,2,0.24,137.62,73.46,180.93,34.01,71.03,0.56
1815,177,West,9,0.22,354.72,96.49,1051.85,183.44,76.31,0.58
1658,139,South,7,0.12,135.75,31.83,409.6,186.79,78.02,0.59
1515,140,East,6,0.01,452.12,68.85,619.05,205.95,61.49,0.51
1546,185,South,1,0.25,187.36,17.52,41.03,23.51,77.05,0.59
1191,110,North,1,0.0,274.93,25.4,70.82,45.42,68.62,0.54
1048,122,East,2,0.21,25.29,11.32,33.13,10.49,74.77,0.57
1511,100,North,6,0.29,213.06,15.5,125.96,32.96,78.09,0.59
1016,145,North,6,0.13,416.18,116.28,1043.46,345.78,71.66,0.56
1171,120,West,2,0.07,402.82,25.77,138.48,86.94,70.88,0.55
1219,189,South,1,0.21,112.16,95.92,115.73,19.81,73.13,0.57
1157,135,East,5,0.25,113.04,70.7,647.04,293.54,79.85,0.6
1476,153,North,5,0.16,408.65,52.76,520.73,256.93,75.29,0.58
1045,186,North,2,0.29,465.2,19.23,90.8,52.34,76.9,0.58
1372,156,East,6,0.02,47.68,86.11,890.62,373.96,64.05,0.52
1517,100,North,9,0.15,225.03,87.03,990.8,207.53,71.11,0.56
1098,162,West,2,0.22,168.73,90.94,244.97,63.09,78.89,0.59
1891,153,West,2,0.26,435.34,102.55,256.43,51.33,75.39,0.58
1744,154,West,3,0.05,41.76,79.01,559.47,322.44,74.3,0.57
1036,139,West,7,0.24,105.56,69.34,660.92,175.54,83.63,0.62
1279,114,North,6,0.17,376.23,43.83,424.66,161.68,78.59,0.59
1348,120,East,8,0.12,25.65,75.16,963.82,362.54,72.87,0.56
1496,146,East,8,0.04,246.27,13.63,260.53,151.49,68.25,0.54
1301,172,East,6,0.26,221.05,109.89,817.05,157.71,62.43,0.51
1180,152,East,3,0.05,167.2,22.86,126.6,58.02,70.16,0.55
1606,108,South,3,0.09,197.29,49.74,225.57,76.35,70.17,0.55
1098,173,East,1,0.09,264.97,91.02,165.07,74.05,73.75,0.57
1699,151,South,7,0.26,80.68,56.72,664.57,267.53,74.43,0.57
1992,156,South,5,0.2,286.0,54.01,377.72,107.67,72.4,0.56
1115,125,West,4,0.24,402.72,47.53,340.0,149.88,65.9,0.53
1190,140,South,4,0.08,380.08,115.02,658.66,198.58,66.9,0.53
1252,134,North,4,0.19,76.95,47.42,266.94,77.26,76.18,0.58
1980,162,South,6,0.17,74.62,78.94,882.88,409.24,81.98,0.61
1927,124,West,8,0.25,134.09,24.7,221.89,24.29,74.51,0.57
1982,189,South,8,0.27,180.54,88.78,942.4,232.16,77.04,0.59
1160,174,North,5,0.0,204.23,72.8,873.0,509.0,74.76,0.57
1255,137,North,6,0.2,339.85,31.01,270.08,84.02,69.95,0.55
1322,101,North,4,0.02,28.34,46.39,383.47,197.91,72.23,0.56
1127,106,West,9,0.16,17.34,31.92,377.28,90.0,69.5,0.55
1017,181,West,8,0.09,195.96,94.99,1081.33,321.41,76.12,0.58
1792,190,East,1,0.09,348.58,80.72,123.32,42.6,72.56,0.56
1734,133,West,2,0.11,96.72,73.97,243.99,96.05,73.69,0.57
1565,190,North,9,0.19,320.75,29.7,419.67,152.37,69.89,0.55
1569,116,North,8,0.1,129.91,36.38,424.92,133.88,75.54,0.58
1322,142,West,3,0.22,443.04,12.08,86.43,50.19,84.82,0.62
1871,158,South,8,0.12,447.84,43.98,571.32,219.48,67.36,0.54
1685,150,West,1,0.02,148.64,68.09,125.77,57.68,68.7,0.54
1791,153,West,4,0.24,115.0,74.45,536.01,238.21,75.96,0.58
1625,123,North,3,0.09,205.65,73.58,392.61,171.87,75.73,0.58
1287,124,East,6,0.13,120.27,64.53,519.51,132.33,69.8,0.55
1942,170,North,7,0.21,336.19,125.83,1076.15,195.34,60.03,0.5
1853,151,East,4,0.1,413.03,64.24,558.72,301.76,78.8,0.59
1662,169,North,7,0.02,336.55,80.07,1302.6,742.11,74.2,0.57
1961,187,West,9,0.11,412.18,55.05,941.49,446.04,63.49,0.52
1638,132,North,2,0.28,198.5,44.12,105.83,17.59,72.56,0.56
1154,148,North,3,0.19,78.16,12.94,75.61,36.79,81.64,0.61
1489,128,North,5,0.2,368.98,92.83,621.23,157.08,81.24,0.61
1385,162,West,3,0.19,180.24,18.0,110.67,56.67,78.49,0.59
1985,121,West,8,0.06,335.64,43.73,577.02,227.18,70.32,0.55
1784,125,West,8,0.13,135.32,58.71,813.05,343.37,73.01,0.57
1103,127,West,8,0.23,40.61,77.42,751.06,131.7,73.95,0.57
1928,184,East,9,0.03,496.29,60.22,1143.17,601.19,76.24,0.58
1392,148,East,4,0.08,78.1,29.54,187.63,69.47,67.22,0.54
1810,170,South,5,0.08,494.21,41.59,431.13,223.18,67.57,0.54
1245,180,West,5,0.13,488.64,80.51,594.7,192.15,77.65,0.59
1175,183,East,8,0.29,396.91,128.82,1124.99,94.43,75.58,0.58
1038,148,North,7,0.02,329.71,66.13,1052.16,589.25,77.29,0.59
1476,119,West,9,0.16,288.9,122.8,1421.12,315.92,69.84,0.55
1681,185,South,8,0.05,433.05,90.87,1216.36,489.4,70.73,0.55
1758,191,South,2,0.29,144.72,55.43,186.88,76.02,71.19,0.56
1537,162,South,4,0.03,233.84,28.82,223.4,108.12,70.64,0.55
1866,160,North,6,0.12,309.69,62.76,754.7,378.14,65.01,0.53
1817,148,East,2,0.22,205.6,80.66,216.52,55.2,71.96,0.56
1920,170,North,7,0.21,213.74,80.62,720.98,156.64,67.02,0.54
1407,100,West,3,0.13,165.14,46.7,290.56,150.46,76.07,0.58
1524,195,South,3,0.1,282.12,63.55,325.03,134.38,75.58,0.58
1827,112,North,2,0.12,425.29,51.68,162.42,59.06,63.75,0.52
1505,193,North,8,0.08,100.76,77.26,840.22,222.14,78.27,0.59
1902,186,East,6,0.06,467.22,30.78,336.72,152.04,83.69,0.62
1824,150,East,1,0.14,344.54,112.99,159.07,46.08,73.03,0.57
1035,155,South,1,0.08,411.64,29.96,69.75,39.79,68.39,0.54
1684,182,North,7,0.09,278.1,18.29,238.73,110.7,85.92,0.63
1019,161,North,8,0.2,389.76,64.48,650.04,134.2,67.41,0.54
1320,131,East,5,0.29,8.1,75.88,492.06,112.66,75.9,0.58
1775,129,North,5,0.18,409.19,53.5,425.49,157.99,74.5,0.57
1511,128,North,4,0.02,20.07,38.2,274.68,121.88,77.13,0.59
1399,148,North,6,0.02,444.96,78.79,730.62,257.88,72.2,0.56
1653,144,East,6,0.29,495.98,53.56,376.08,54.72,73.31,0.57
1971,192,South,3,0.09,147.03,97.91,520.36,226.63,67.04,0.54
1470,115,South,7,0.18,382.68,60.47,652.98,229.69,68.57,0.54
1142,139,West,1,0.19,126.51,45.19,70.33,25.14,74.04,0.57
1091,118,North,7,0.19,432.78,71.99,887.36,383.43,70.98,0.55
1353,117,South,5,0.08,51.42,16.98,124.97,40.07,64.13,0.52
1833,100,West,5,0.0,62.98,57.57,530.44,242.59,76.28,0.58
1799,177,East,2,0.29,489.58,40.29,138.84,58.26,73.31,0.57
1726,146,East,4,0.08,336.92,80.23,700.21,379.29,65.26,0.53
1958,165,South,6,0.2,423.44,10.45,127.54,64.84,73.16,0.57
1853,191,South,7,0.21,162.16,81.84,668.98,96.1,74.54,0.57
1050,193,North,5,0.18,338.24,75.36,645.52,268.72,64.87,0.52
1664,137,South,9,0.09,297.12,48.36,893.67,458.43,73.46,0.57
1697,150,North,3,0.08,301.58,19.04,112.71,55.59,66.36,0.53
1574,162,North,1,0.18,341.27,95.99,177.0,81.01,82.16,0.61
1189,103,East,4,0.26,287.68,46.49,349.58,163.62,77.82,0.59
1124,100,East,9,0.28,214.53,64.88,856.71,272.79,73.6,0.57
1149,107,West,4,0.03,137.96,35.25,249.75,108.75,66.87,0.53
1313,128,East,2,0.05,384.29,60.53,222.57,101.51,70.48,0.55
1569,154,East,5,0.28,113.14,49.3,355.75,109.25,78.66,0.59
1341,102,South,3,0.22,346.18,17.89,95.66,41.99,74.27,0.57
1304,131,East,9,0.26,116.67,26.97,266.3,23.57,74.11,0.57
1691,109,West,4,0.06,312.67,87.63,657.63,307.11,71.49,0.56
1681,173,South,6,0.18,373.54,30.16,329.46,148.5,70.58,0.55
1837,182,West,2,0.21,109.36,26.06,92.51,40.39,72.48,0.56
1782,133,East,6,0.2,29.97,59.58,533.74,176.26,63.57,0.52
1053,196,West,3,0.12,65.49,99.44,421.38,123.06,77.27,0.59
1443,186,South,9,0.0,303.0,14.39,295.5,165.99,71.49,0.56
1612,154,North,2,0.17,424.72,75.88,226.79,75.03,69.53,0.55
1992,191,West,9,0.08,22.5,16.85,344.4,192.75,81.09,0.61
1263,131,West,5,0.14,367.08,13.96,132.57,62.77,73.24,0.57
1052,149,South,8,0.29,170.66,18.66,176.06,26.78,70.62,0.55
1571,106,South,2,0.12,239.26,85.35,311.43,140.73,76.68,0.58
1619,192,West,6,0.25,464.43,23.47,208.78,67.96,76.99,0.58
1004,107,East,3,0.06,165.99,12.98,87.62,48.68,73.17,0.57
1102,164,West,5,0.2,232.67,61.53,406.92,99.27,71.87,0.56
1195,156,South,8,0.29,6.84,71.46,976.84,405.16,78.05,0.59
1773,166,North,1,0.03,40.8,44.09,67.26,23.17,69.29,0.55
1876,187,North,5,0.0,129.3,44.07,486.01,265.66,72.78,0.56
1991,186,East,3,0.13,13.93,18.01,71.65,17.62,63.08,0.52
1883,158,West,4,0.03,315.69,51.0,407.02,203.02,68.43,0.54
1349,171,North,2,0.22,213.2,76.47,204.05,51.11,83.01,0.62
1046,153,West,9,0.27,274.07,60.86,820.26,272.52,71.56,0.56
1866,166,South,3,0.13,87.32,53.63,212.74,51.85,69.58,0.55
1822,150,North,2,0.08,147.97,33.64,148.7,81.42,69.36,0.55
1935,196,East,9,0.13,331.91,17.78,323.47,163.45,66.53,0.53
1819,191,South,7,0.22,482.65,47.13,493.82,163.91,63.36,0.52
1655,107,East,6,0.0,25.21,16.1,228.71,132.11,68.85,0.54
1268,133,South,1,0.18,445.19,72.48,151.81,79.33,74.28,0.57
1369,134,North,5,0.18,288.44,132.48,809.53,147.13,73.34,0.57
1635,195,East,3,0.19,281.96,134.86,487.01,82.43,73.08,0.57
1105,187,East,1,0.07,250.14,90.12,175.92,85.8,71.62,0.56
1669,177,South,4,0.21,34.7,86.75,406.67,59.67,79.31,0.6
1658,131,East,2,0.03,44.94,82.35,285.79,121.09,69.65,0.55
1656,145,South,2,0.06,300.46,34.31,149.14,80.52,68.33,0.54
1119,115,South,3,0.26,170.48,81.55,304.98,60.33,73.79,0.57
1830,167,South,8,0.22,458.63,60.97,659.52,171.76,77.3,0.59
1786,136,South,8,0.0,203.3,74.39,864.27,269.15,77.06,0.59
1603,153,North,7,0.07,71.64,75.0,1021.74,496.74,68.26,0.54
1057,184,South,6,0.06,357.36,42.56,416.87,161.51,71.69,0.56
1950,113,West,9,0.08,146.68,32.1,646.94,358.04,73.29,0.57
1345,194,East,4,0.07,262.74,80.93,706.68,382.96,66.44,0.53
1740,154,West,1,0.02,348.92,12.08,46.96,34.88,70.5,0.55
1473,147,North,8,0.14,450.13,75.17,761.52,160.16,65.47,0.53
1116,181,West,7,0.22,396.1,118.08,1026.11,199.55,65.55,0.53
1829,106,East,7,0.18,338.18,82.6,762.34,184.14,75.43,0.58
1790,173,West,3,0.2,339.82,65.44,301.04,104.72,72.08,0.56
1126,106,North,4,0.02,472.96,31.83,278.27,150.95,71.41,0.56
1392,132,South,9,0.29,147.91,36.43,530.03,202.16,75.71,0.58
1907,122,West,6,0.25,0.56,84.15,780.19,275.29,70.12,0.55
1640,184,North,5,0.24,135.98,61.87,465.3,155.95,74.57,0.57
1057,118,North,3,0.25,108.95,70.62,258.92,47.06,68.83,0.54
1633,118,East,9,0.28,330.92,21.31,262.3,70.51,82.55,0.61
1512,135,East,5,0.16,316.86,9.69,111.96,63.51,66.42,0.53
1750,128,West,5,0.06,296.73,78.43,924.11,531.96,70.22,0.55
1801,159,South,4,0.19,8.12,37.84,285.06,133.7,68.59,0.54
1095,181,North,4,0.22,364.39,67.27,419.38,150.3,77.25,0.59
1637,101,West,1,0.22,161.77,23.36,34.88,11.52,72.74,0.56
1117,100,North,7,0.16,332.53,84.52,857.23,265.59,70.61,0.55
1600,168,South,3,0.11,171.37,66.74,338.63,138.41,72.35,0.56
1487,119,South,2,0.28,67.29,21.71,64.85,21.43,78.18,0.59
1236,110,West,3,0.18,47.21,53.94,309.15,147.33,68.69,0.54
1884,101,South,1,0.16,415.76,104.68,153.46,48.78,66.18,0.53
1896,166,South,6,0.08,459.2,59.15,537.18,182.28,72.14,0.56
1271,186,West,7,0.11,324.89,80.34,1127.49,565.11,70.61,0.55
1188,111,South,2,0.27,51.72,75.72,202.26,50.82,78.53,0.59
1998,119,East,8,0.2,201.01,99.34,1173.99,379.27,73.6,0.57
1703,104,North,6,0.24,364.47,77.69,621.2,155.06,75.83,0.58
1446,136,North,4,0.14,389.91,29.84,169.59,50.23,64.68,0.52
1580,137,North,5,0.19,59.11,43.47,309.72,92.37,83.24,0.62
1789,193,North,8,0.07,0.02,31.66,419.04,165.76,70.58,0.55
1860,108,West,3,0.21,356.07,76.21,452.91,224.28,77.69,0.59
1246,197,North,3,0.13,178.3,65.71,418.35,221.22,68.42,0.54
1962,152,North,4,0.13,127.24,64.67,499.66,240.98,74.14,0.57
1075,143,North,1,0.19,6.45,30.39,60.4,30.01,67.29,0.54
1153,198,North,9,0.28,270.15,33.1,357.78,59.88,77.86,0.59
1655,185,East,8,0.02,425.58,96.35,1245.58,474.78,68.62,0.54
1434,123,North,8,0.25,478.82,46.44,656.03,284.51,75.15,0.58
1996,180,East,6,0.09,282.87,39.47,345.25,108.43,75.29,0.58
1085,173,West,7,0.13,257.23,58.48,810.6,401.24,66.44,0.53
1696,129,South,6,0.01,42.53,13.37,164.05,83.83,66.78,0.53
1284,158,North,9,0.09,274.44,37.36,658.36,322.12,74.09,0.57
1973,186,South,3,0.15,189.99,53.39,275.57,115.4,83.49,0.62
1219,195,South,3,0.02,303.57,22.22,152.28,85.62,69.71,0.55
1068,180,West,3,0.15,194.36,107.83,512.67,189.18,75.96,0.58
1046,180,South,3,0.28,120.15,30.1,130.5,40.2,75.07,0.58
1093,113,East,9,0.03,47.48,30.25,381.81,109.56,80.31,0.6
1749,108,South,4,0.23,157.46,23.6,182.31,87.91,65.86,0.53
1957,139,South,7,0.12,48.32,70.13,978.35,487.44,72.87,0.56
1452,165,South,9,0.2,88.45,40.17,699.88,338.35,65.87,0.53
1203,124,North,7,0.08,493.67,71.57,808.91,307.92,59.07,0.5
1911,172,North,9,0.05,222.05,9.9,214.44,125.34,72.49,0.56
1217,121,East,3,0.05,265.94,17.05,87.96,36.81,71.7,0.56
1473,103,East,4,0.02,436.81,55.5,414.82,192.82,68.98,0.54
1431,125,North,8,0.06,497.78,93.2,1280.71,535.11,70.67,0.55
1340,157,East,6,0.2,291.36,101.95,875.41,263.71,89.49,0.65
1550,128,North,5,0.26,406.24,16.07,152.06,71.71,73.91,0.57
1611,197,West,4,0.24,163.47,53.7,363.57,148.77,77.35,0.59
1288,186,South,8,0.21,152.87,91.39,1172.93,441.81,70.95,0.55
1253,136,South,1,0.03,201.35,51.93,97.21,45.28,72.08,0.56
1733,174,East,9,0.09,336.25,78.4,1403.56,697.96,70.61,0.55
1356,169,North,1,0.09,341.1,19.16,57.15,37.99,69.75,0.55
1761,184,East,4,0.15,66.6,63.13,531.2,278.68,78.89,0.59
1521,141,North,9,0.16,316.2,121.4,1447.98,355.38,73.88,0.57
1757,199,West,5,0.11,64.16,90.24,634.18,182.98,60.68,0.5
1836,140,South,3,0.11,289.25,41.78,242.51,117.17,70.39,0.55
1801,133,East,9,0.24,350.31,30.88,493.59,215.67,73.65,0.57
1179,116,North,4,0.09,376.74,48.61,309.28,114.84,77.32,0.59
1222,136,East,4,0.27,436.43,86.64,448.57,102.01,82.61,0.61
1905,124,West,8,0.29,249.98,100.15,908.56,107.36,76.89,0.58
1761,175,North,2,0.1,365.12,127.59,355.38,100.2,67.79,0.54
1658,186,North,9,0.11,309.59,34.55,470.96,160.01,60.02,0.5
1441,185,North,6,0.15,93.32,73.11,839.23,400.57,76.42,0.58
1607,184,North,9,0.28,12.84,72.34,991.68,340.62,71.53,0.56
1768,126,West,8,0.26,142.27,20.55,193.49,29.09,76.08,0.58
1324,156,North,7,0.03,221.52,41.51,620.14,329.57,64.35,0.52
1515,130,East,1,0.12,308.55,29.9,77.82,47.92,71.07,0.56
1015,105,West,3,0.17,424.98,45.71,207.52,70.39,73.57,0.57
1791,190,South,2,0.15,98.12,102.55,339.69,134.59,74.34,0.57
1335,139,South,5,0.06,62.77,91.73,640.93,182.28,65.63,0.53
1758,197,East,5,0.26,481.74,88.77,576.06,132.21,81.18,0.61
1257,111,East,5,0.2,54.02,83.63,785.87,367.72,71.02,0.56
1496,152,West,4,0.25,239.25,60.15,275.65,35.05,66.63,0.53
1987,170,South,5,0.26,292.78,78.48,622.66,230.26,74.65,0.57
1895,109,South,3,0.22,270.69,49.22,243.36,95.7,74.57,0.57
1159,144,South,1,0.13,43.02,91.91,155.72,63.81,73.4,0.57
1474,116,South,5,0.18,28.51,21.81,216.75,107.7,80.41,0.6
1663,184,North,9,0.2,292.79,25.95,442.17,208.62,73.4,0.57
1907,191,East,4,0.05,272.17,40.96,312.74,148.9,65.48,0.53
1689,161,North,3,0.21,116.87,78.87,375.84,139.23,78.3,0.59
1674,145,South,1,0.07,318.89,57.42,100.46,43.04,72.32,0.56
1379,163,West,2,0.04,410.03,82.99,269.1,103.12,68.7,0.54
1544,101,West,8,0.05,20.79,44.61,761.22,404.34,61.48,0.51
1928,153,South,1,0.0,249.06,78.34,166.08,87.74,77.22,0.59
1956,164,South,8,0.22,344.66,31.28,398.49,148.25,68.26,0.54
1690,150,West,7,0.22,126.16,13.6,172.96,77.76,71.44,0.56
1426,152,North,8,0.15,153.89,47.32,510.81,132.25,74.79,0.57
1612,135,North,6,0.05,306.82,64.51,615.98,228.92,65.02,0.53
1267,125,South,9,0.03,448.97,22.97,461.08,254.35,63.13,0.52
1834,128,North,3,0.01,404.96,42.77,269.32,141.01,59.58,0.5
1576,120,West,4,0.05,291.57,39.72,364.17,205.29,74.6,0.57
1416,110,North,6,0.27,365.11,17.85,151.1,44.0,72.67,0.56
1841,110,West,5,0.11,320.48,124.67,813.38,190.03,67.23,0.54
1042,135,North,3,0.03,233.09,30.01,149.34,59.31,65.99,0.53
1555,158,East,6,0.07,94.97,65.98,716.79,320.91,68.57,0.54
1284,138,West,4,0.16,350.87,80.1,486.78,166.38,74.42,0.57
1396,198,West,9,0.18,278.23,64.3,718.56,139.86,71.25,0.56
1011,153,East,3,0.07,179.31,82.78,416.86,168.52,74.46,0.57
1606,197,East,4,0.02,455.67,42.49,391.0,221.04,65.51,0.53
1301,154,West,7,0.12,10.47,56.93,683.27,284.76,65.49,0.53
1897,123,East,7,0.07,157.89,13.92,146.71,49.27,62.41,0.51
1252,121,South,4,0.07,28.44,85.73,539.0,196.08,60.28,0.5
1498,168,South,6,0.29,383.26,82.76,611.48,114.92,73.21,0.57
1753,155,South,3,0.18,351.05,17.76,83.76,30.48,72.1,0.56
1034,132,West,6,0.17,165.68,57.65,437.98,92.08,70.24,0.55
1726,135,East,2,0.12,337.83,132.64,362.25,96.97,78.62,0.59
1848,119,East,8,0.13,197.97,41.02,676.2,348.04,78.74,0.59
1089,182,North,2,0.16,378.13,62.15,204.29,79.99,71.53,0.56
1775,198,North,7,0.21,227.09,114.34,1027.7,227.32,65.23,0.53
1604,180,East,9,0.21,206.14,93.5,1070.46,228.96,71.37,0.56
1921,161,East,1,0.05,467.36,72.62,141.9,69.28,68.0,0.54
1969,197,East,8,0.15,125.44,73.63,1118.78,529.74,69.71,0.55
1601,172,West,7,0.12,60.22,112.24,1084.62,298.94,68.91,0.54
1417,125,East,6,0.26,292.27,62.98,468.56,90.68,71.93,0.56
1114,165,North,6,0.19,484.66,44.93,537.06,267.48,71.87,0.56
1616,172,West,6,0.16,188.92,48.25,460.47,170.97,70.02,0.55
1195,139,North,2,0.18,169.65,72.93,247.09,101.23,75.4,0.58
1825,116,West,1,0.04,252.97,14.18,46.23,32.05,66.25,0.53
1500,100,East,6,0.1,80.96,91.19,950.84,403.7,78.36,0.59
1625,188,East,8,0.04,329.05,60.17,834.38,353.02,65.9,0.53
1492,160,East,3,0.21,498.87,18.97,101.67,44.76,66.11,0.53
1074,142,West,1,0.06,225.87,71.26,123.11,51.85,73.1,0.57
1412,141,North,9,0.12,177.36,61.89,761.98,204.97,68.31,0.54
1375,124,North,1,0.27,200.35,82.7,139.95,57.25,77.01,0.59
1419,138,South,3,0.06,57.57,24.74,162.83,88.61,59.18,0.5
1728,134,East,8,0.15,441.64,110.62,1169.67,284.71,79.96,0.6
1276,102,South,3,0.13,207.41,53.81,324.57,163.14,75.96,0.58
1760,143,South,4,0.01,193.64,20.66,127.81,45.17,62.7,0.51
1675,150,North,8,0.24,329.85,127.24,1201.68,183.76,67.41,0.54
1393,193,West,1,0.02,221.02,61.78,121.08,59.3,78.76,0.59
1868,197,West,6,0.14,324.12,50.25,389.57,88.07,69.11,0.55
1456,111,North,1,0.17,30.72,44.85,88.27,43.42,69.23,0.55
1919,118,West,1,0.19,406.86,85.62,161.62,76.0,62.47,0.51
1191,143,South,8,0.21,470.25,44.29,496.77,142.45,72.45,0.56
1738,158,East,4,0.08,324.38,27.61,217.45,107.01,70.46,0.55
1688,148,North,1,0.0,477.28,29.33,67.1,37.77,73.58,0.57
1098,160,East,7,0.22,75.72,30.9,405.72,189.42,67.4,0.54
1547,116,West,5,0.16,238.71,90.6,685.65,232.65,65.6,0.53
1977,173,East,5,0.25,300.9,60.55,408.39,105.64,77.25,0.59
1998,156,West,1,0.25,290.87,36.31,60.25,23.94,80.03,0.6
1095,154,West,6,0.25,200.73,23.79,234.65,91.91,67.14,0.54
1663,146,South,9,0.15,169.04,40.69,619.62,253.41,78.41,0.59
1662,111,West,9,0.1,63.41,123.56,1535.58,423.54,72.19,0.56
1189,161,South,8,0.24,195.87,37.48,506.8,206.96,80.26,0.6
1735,179,South,5,0.14,81.33,128.23,854.87,213.72,72.45,0.56
1779,182,North,9,0.26,104.42,32.85,353.2,57.55,74.44,0.57
1368,107,North,1,0.26,29.28,110.78,134.96,24.18,80.5,0.6
1694,194,West,8,0.14,276.18,47.55,721.51,341.11,68.33,0.54
1524,120,South,5,0.02,297.61,84.31,738.81,317.26,68.46,0.54
1278,180,North,3,0.12,435.96,130.13,542.06,151.67,71.52,0.56
1216,186,South,7,0.24,288.49,15.38,168.87,61.21,60.3,0.5
1866,179,East,7,0.27,172.74,25.81,199.78,19.11,83.76,0.62
1872,169,East,9,0.06,401.51,80.18,1286.39,564.77,66.69,0.53
1797,171,East,7,0.02,270.14,31.32,498.7,279.46,72.93,0.56
1272,124,West,3,0.26,39.64,27.48,120.03,37.59,74.77,0.57
1880,181,South,1,0.12,282.93,18.57,37.98,19.41,78.69,0.59
1061,188,East,8,0.16,454.01,11.87,183.53,88.57,75.23,0.58
1595,111,North,3,0.29,198.16,105.28,349.45,33.61,74.63,0.57
1879,114,East,8,0.02,148.16,29.36,353.92,119.04,65.93,0.53
1728,158,East,8,0.19,71.73,52.62,678.74,257.78,77.79,0.59
1341,125,East,5,0.02,75.72,54.85,636.19,361.94,61.03,0.51
1396,125,West,1,0.11,216.39,59.95,97.24,37.29,75.43,0.58
1698,146,North,7,0.24,297.84,12.28,147.25,61.29,69.3,0.55
1018,131,South,5,0.13,40.31,102.23,702.5,191.35,78.86,0.59
1176,109,North,8,0.3,469.78,11.66,146.09,52.81,76.81,0.58
1611,115,South,9,0.17,377.57,85.73,1192.72,421.15,76.62,0.58
1395,170,West,7,0.1,293.31,114.51,1153.67,352.1,72.41,0.56
1444,116,West,7,0.07,414.22,50.4,658.11,305.31,62.64,0.51
1232,122,West,1,0.11,40.09,62.03,105.6,43.57,67.9,0.54
1914,125,West,4,0.11,238.42,54.29,388.77,171.61,75.56,0.58
1075,184,South,2,0.02,315.05,45.95,192.27,100.37,71.23,0.56
1264,185,East,2,0.11,414.33,100.25,340.65,140.15,78.1,0.59
1454,106,South,2,0.14,391.73,116.26,330.75,98.23,74.82,0.57
1795,113,North,4,0.22,138.53,40.91,257.92,94.28,69.57,0.55
1717,178,West,1,0.2,470.44,72.84,128.09,55.25,70.02,0.55
1734,106,West,4,0.21,62.17,112.33,593.53,144.21,74.71,0.57
1563,147,South,5,0.07,485.47,53.94,543.27,273.57,79.77,0.6
1850,171,East,3,0.2,88.58,69.03,248.05,40.96,76.21,0.58
1505,158,East,8,0.15,361.03,43.3,495.17,148.77,79.14,0.6
1143,192,East,1,0.24,202.71,27.16,44.87,17.71,81.02,0.61
1884,181,South,1,0.23,258.14,50.84,108.67,57.83,85.76,0.63
1068,194,South,3,0.16,290.32,41.48,193.08,68.64,66.6,0.53
1098,193,North,9,0.02,467.97,38.82,642.75,293.37,74.26,0.57
1395,138,South,7,0.23,336.13,52.37,517.51,150.92,74.61,0.57
1024,198,West,2,0.18,240.64,101.46,339.68,136.76,65.88,0.53
1947,117,North,9,0.23,404.84,12.69,227.41,113.2,77.06,0.59
1890,158,South,2,0.23,475.27,56.86,214.94,101.22,78.77,0.59
1468,116,North,3,0.24,11.03,23.89,80.04,8.37,71.79,0.56
1483,113,East,2,0.16,491.26,24.99,104.89,54.91,79.03,0.6
1564,130,South,3,0.04,43.07,53.53,287.62,127.03,62.47,0.51
1150,123,West,6,0.2,407.19,46.52,557.4,278.28,66.53,0.53
1143,198,South,9,0.19,140.17,27.38,492.4,245.98,74.48,0.57
1568,159,North,9,0.22,66.09,47.34,543.58,117.52,74.53,0.57
1038,144,North,7,0.05,219.93,20.02,248.1,107.96,67.42,0.54
1108,197,South,3,0.06,321.98,41.21,226.41,102.78,75.25,0.58
1692,102,West,4,0.27,190.48,91.74,575.95,208.99,78.05,0.59
1041,136,West,6,0.22,27.28,118.48,890.79,179.91,78.69,0.59
1185,142,West,5,0.27,299.73,36.16,308.0,127.2,74.78,0.57
1934,139,North,2,0.23,451.2,56.1,211.6,99.4,77.61,0.59
1397,189,South,6,0.18,191.61,98.88,913.52,320.24,71.37,0.56
1222,154,East,3,0.2,108.17,10.26,56.08,25.3,84.27,0.62
1633,186,North,8,0.27,221.29,78.69,980.06,350.54,71.34,0.56
1132,138,West,2,0.17,24.18,113.2,317.78,91.38,83.93,0.62
1162,114,South,1,0.19,410.24,21.69,50.03,28.34,73.97,0.57
1214,103,West,9,0.05,413.17,31.76,440.13,154.29,64.12,0.52
1732,192,East,3,0.14,294.0,101.35,512.47,208.42,79.64,0.6
1234,185,West,1,0.21,176.55,49.26,101.07,51.81,74.83,0.57
1842,124,West,7,0.08,399.89,10.87,165.25,89.16,75.86,0.58
1657,112,East,5,0.06,277.34,46.06,325.82,95.52,77.32,0.59
1750,181,South,5,0.09,412.97,58.46,480.15,187.85,73.49,0.57
1587,132,North,1,0.07,315.73,88.7,150.38,61.68,68.44,0.54
1073,141,East,7,0.13,299.28,110.63,1227.95,453.54,72.6,0.56
1953,165,West,8,0.27,207.07,29.51,429.39,193.31,78.83,0.59
1491,154,South,9,0.15,478.97,66.71,918.08,317.69,62.23,0.51
1912,198,North,6,0.06,270.56,78.44,667.76,197.12,73.43,0.57
1252,141,East,5,0.02,302.54,64.23,470.91,149.76,67.21,0.54
1229,133,South,6,0.21,110.24,28.36,244.64,74.48,82.47,0.61
1518,129,North,2,0.11,312.83,105.31,364.42,153.8,75.32,0.58
1173,112,East,4,0.25,285.8,118.65,535.08,60.48,76.2,0.58
1652,112,North,3,0.2,92.42,66.05,267.9,69.75,76.43,0.58
1167,117,East,7,0.24,29.79,53.94,685.56,307.98,69.81,0.55
1169,131,West,9,0.08,302.18,32.87,519.42,223.59,79.72,0.6
1392,195,South,5,0.21,381.85,55.65,484.73,206.48,84.16,0.62
1945,198,North,6,0.08,261.7,78.49,814.01,343.07,73.56,0.57
1794,138,East,2,0.28,113.39,60.5,168.0,47.0,83.55,0.62
1633,145,North,3,0.19,333.26,113.92,498.41,156.65,70.95,0.55
1193,128,North,3,0.1,40.05,65.94,353.11,155.29,68.01,0.54
1516,161,South,9,0.08,220.92,38.99,729.55,378.64,71.8,0.56
1028,192,West,7,0.06,81.68,87.62,1050.22,436.88,73.37,0.57
1164,161,North,8,0.21,92.23,32.9,324.93,61.73,72.23,0.56
1421,156,East,9,0.07,101.15,53.46,751.77,270.63,74.09,0.57
1338,115,East,6,0.18,193.35,41.35,415.33,167.23,75.13,0.58
1647,155,West,4,0.08,25.58,66.52,360.91,94.83,66.61,0.53
1495,109,East,1,0.2,198.9,108.27,138.52,30.25,76.59,0.58
1364,129,West,8,0.24,255.85,49.59,664.27,267.55,79.12,0.6
1832,124,East,7,0.23,241.65,67.1,890.24,420.54,75.46,0.58
1341,183,South,2,0.23,191.39,77.03,200.17,46.11,80.36,0.6
1499,104,North,8,0.06,419.57,52.88,634.4,211.36,65.11,0.53
1656,164,South,5,0.03,72.66,114.46,807.74,235.44,72.94,0.56
1510,193,North,7,0.21,252.85,41.95,360.44,66.79,68.35,0.54
1326,148,North,4,0.11,31.02,35.04,216.54,76.38,66.63,0.53
1216,102,North,5,0.13,35.58,61.94,483.8,174.1,69.45,0.55
1300,144,South,8,0.01,286.93,27.34,544.61,325.89,65.49,0.53
1131,113,North,1,0.08,283.01,10.26,34.06,23.8,68.86,0.54
1803,129,South,1,0.01,439.02,73.53,157.28,83.75,69.13,0.55
1069,167,West,4,0.26,278.94,65.92,345.46,81.78,79.39,0.6
1251,117,East,3,0.07,479.9,56.83,303.53,133.04,69.79,0.55
1414,161,East,2,0.17,24.35,120.86,323.35,81.63,65.47,0.53
1786,136,North,3,0.01,49.0,59.43,367.21,188.92,75.9,0.58
1444,124,South,1,0.2,22.03,99.9,141.44,41.54,69.81,0.55
1875,147,East,1,0.1,92.64,19.23,45.22,25.99,71.71,0.56
1181,164,South,6,0.27,270.64,64.18,549.89,164.81,77.63,0.59
1166,152,South,5,0.27,322.79,110.16,659.4,108.6,76.4,0.58
1090,178,North,8,0.1,22.79,75.98,900.84,293.0,77.47,0.59
1713,172,East,2,0.27,472.99,104.05,241.54,33.44,77.8,0.59
1857,114,North,4,0.3,421.08,42.04,264.56,96.4,71.69,0.56
1530,148,North,8,0.25,148.31,20.13,227.26,66.22,85.89,0.63
1038,187,East,6,0.25,38.59,51.09,462.83,156.29,75.97,0.58
1125,167,East,1,0.07,84.94,48.43,88.88,40.45,70.66,0.55
1450,111,West,4,0.17,63.47,115.69,587.73,124.97,78.22,0.59
1172,158,West,1,0.02,61.64,38.69,65.72,27.03,71.65,0.56
1652,136,South,2,0.03,259.28,128.97,389.35,131.41,72.6,0.56
1219,142,West,8,0.1,179.07,42.75,473.88,131.88,70.62,0.55
1637,169,South,8,0.22,494.75,34.54,540.47,264.15,72.81,0.56
1057,138,South,3,0.24,342.16,120.78,430.24,67.9,75.38,0.58
1659,155,South,4,0.26,474.49,96.75,597.94,210.94,80.56,0.6
1475,162,West,6,0.3,71.28,49.35,422.8,126.7,68.47,0.54
1455,145,East,3,0.07,191.07,43.06,226.56,97.38,61.57,0.51
1828,187,North,2,0.01,277.37,78.25,240.97,84.47,67.26,0.54
1894,110,South,6,0.12,38.38,59.58,761.17,403.69,64.23,0.52
1360,161,West,5,0.04,2.09,35.01,332.39,157.34,68.68,0.54
1934,176,West,5,0.01,335.22,100.23,771.96,270.81,72.71,0.56
1000,197,North,5,0.11,320.91,15.2,146.42,70.42,67.75,0.54
1386,124,North,5,0.24,205.39,13.27,119.99,53.64,67.67,0.54
1972,170,West,3,0.17,244.82,47.22,235.18,93.52,73.75,0.57
1347,151,East,7,0.09,207.72,43.12,543.08,241.24,76.11,0.58
1189,103,North,6,0.2,12.0,51.82,369.31,58.39,65.53,0.53
1504,158,West,4,0.07,167.69,68.13,411.57,139.05,75.5,0.58
1190,171,North,2,0.0,88.54,42.87,159.89,74.15,74.09,0.57
1507,119,East,9,0.23,49.21,38.03,380.88,38.61,79.37,0.6
1368,192,South,1,0.19,478.36,40.85,85.24,44.39,79.89,0.6
1408,162,North,4,0.23,299.68,81.61,617.07,290.63,85.61,0.63
1823,153,East,1,0.01,364.33,45.0,111.28,66.28,68.42,0.54
1928,173,West,6,0.25,157.68,53.11,458.1,139.44,75.55,0.58
1933,197,North,4,0.19,196.57,55.34,410.87,189.51,71.72,0.56
1116,156,North,5,0.17,118.46,134.8,823.48,149.48,73.41,0.57
1133,189,West,5,0.19,48.48,40.0,259.55,59.55,81.46,0.61
1057,140,South,9,0.26,89.52,68.53,954.4,337.63,68.47,0.54
1555,102,West,1,0.18,398.76,85.94,142.02,56.08,69.29,0.55
1684,105,North,2,0.17,338.77,79.72,231.61,72.17,80.29,0.6
1671,104,West,6,0.3,273.46,24.53,164.64,17.46,81.1,0.61
1172,104,East,5,0.23,237.54,94.25,557.95,86.7,72.78,0.56
1828,153,West,7,0.13,461.22,17.49,215.12,92.69,76.87,0.58
1814,146,North,3,0.21,36.37,80.51,303.53,62.0,75.91,0.58
1148,186,West,3,0.12,140.3,87.07,411.26,150.05,79.9,0.6
1079,148,South,2,0.07,174.97,32.8,116.58,50.98,71.77,0.56
1885,108,West,3,0.18,391.21,74.5,441.43,217.93,78.73,0.59
1202,119,East,5,0.28,120.34,96.06,624.81,144.51,78.59,0.59
1763,160,South,5,0.1,437.15,49.44,484.72,237.52,72.25,0.56
1228,134,West,7,0.16,415.31,24.04,368.66,200.38,76.81,0.58
1675,149,North,4,0.06,112.33,27.19,171.36,62.6,69.37,0.55
1658,161,East,1,0.29,204.84,19.14,33.73,14.59,76.7,0.58
1531,116,South,8,0.19,489.11,31.37,386.28,135.32,72.44,0.56
1440,187,South,3,0.24,90.45,57.05,192.87,21.72,70.62,0.55
1401,102,South,2,0.21,399.58,71.78,227.97,84.41,79.69,0.6
1046,131,East,4,0.18,167.1,49.48,395.61,197.69,77.94,0.59
1232,198,West,3,0.02,365.44,24.1,143.56,71.26,67.91,0.54
1304,112,South,1,0.14,210.01,47.07,72.55,25.48,75.68,0.58
1525,188,South,3,0.2,289.18,44.02,165.6,33.54,66.46,0.53
1142,172,North,2,0.2,416.31,30.92,114.32,52.48,74.92,0.57
1414,167,East,8,0.11,402.08,46.64,689.43,316.31,74.46,0.57
1512,113,South,6,0.28,433.21,98.6,655.52,63.92,84.14,0.62
1372,197,East,9,0.05,29.81,27.05,507.15,263.7,67.15,0.54
1565,110,South,8,0.15,346.03,50.28,602.12,199.88,66.61,0.53
1885,155,West,3,0.21,69.99,47.14,217.66,76.24,69.72,0.55
1258,166,West,5,0.21,207.91,80.72,783.66,380.06,67.52,0.54
1655,191,South,7,0.19,274.29,96.72,1101.45,424.41,80.48,0.6
1470,128,West,5,0.08,201.37,78.66,764.58,371.28,79.34,0.6
1952,108,South,8,0.05,259.81,38.47,495.58,187.82,72.6,0.56
1970,166,West,5,0.19,498.26,22.08,155.51,45.11,79.91,0.6
1011,124,North,1,0.18,67.61,37.01,66.56,29.55,74.27,0.57
1329,197,North,5,0.05,337.73,43.77,340.0,121.15,70.52,0.55
1735,175,North,4,0.21,198.0,46.27,360.87,175.79,72.53,0.56
1783,141,East,6,0.14,66.5,89.82,828.88,289.96,71.25,0.56
1967,108,East,3,0.2,79.37,73.49,422.76,202.29,66.26,0.53
1357,178,North,5,0.25,474.64,117.05,669.02,83.77,76.32,0.58
1971,139,East,2,0.05,439.8,53.38,183.0,76.24,70.8,0.55
1407,124,West,6,0.01,453.52,85.85,876.27,361.17,73.93,0.57
1667,104,South,6,0.23,495.77,49.39,377.34,81.0,75.07,0.58
1372,110,South,5,0.18,104.16,18.4,132.16,40.16,72.79,0.56
1007,158,South,6,0.21,177.72,101.03,702.26,96.08,69.84,0.55
1121,197,North,7,0.25,334.61,13.37,131.02,37.43,75.36,0.58
1347,187,East,5,0.24,241.9,63.44,367.98,50.78,78.49,0.59
1675,178,West,1,0.29,209.19,44.02,66.75,22.73,70.08,0.55
1089,137,West,8,0.16,178.91,63.01,982.05,477.97,73.64,0.57
1647,171,North,4,0.15,296.89,88.19,551.79,199.03,74.17,0.57
1697,104,West,9,0.12,287.8,32.74,606.31,311.65,68.81,0.54
1315,147,West,6,0.05,80.73,95.96,950.77,375.01,68.06,0.54
1177,189,West,1,0.17,235.87,39.71,72.3,32.59,74.55,0.57
1539,117,West,3,0.08,276.74,58.88,290.77,114.13,65.93,0.53
1731,169,East,3,0.28,285.14,60.8,340.12,157.72,77.35,0.59
1868,136,West,4,0.17,105.05,66.35,485.74,220.34,68.92,0.54
1040,159,South,6,0.18,371.14,108.24,991.37,341.93,78.91,0.59
1739,147,North,7,0.11,12.6,41.47,377.73,87.44,83.89,0.62
1703,176,East,4,0.02,177.42,71.71,554.6,267.76,66.1,0.53
1922,127,West,6,0.01,390.11,68.41,790.18,379.72,72.87,0.56
1501,168,East,1,0.13,281.95,113.49,174.8,61.31,68.97,0.54
1958,176,West,8,0.03,130.58,27.98,380.14,156.3,75.8,0.58
1144,180,South,7,0.18,347.48,76.06,908.93,376.51,67.27,0.54
1200,139,North,9,0.26,283.7,63.99,828.63,252.72,77.6,0.59
1928,144,West,3,0.26,398.12,32.31,174.06,77.13,70.84,0.55
1723,195,West,2,0.2,367.51,72.7,187.01,41.61,72.97,0.56
1460,161,West,1,0.06,305.05,35.17,90.53,55.36,66.04,0.53
1731,192,West,3,0.26,244.09,63.57,288.1,97.39,79.31,0.6
1751,157,North,5,0.27,66.59,73.4,660.4,293.4,71.22,0.56
1924,166,North,2,0.06,130.67,57.14,236.79,122.51,73.96,0.57
1908,155,South,3,0.22,209.55,84.79,323.36,68.99,72.68,0.56
1557,139,North,4,0.09,299.65,52.19,427.67,218.91,71.23,0.56
1546,197,West,7,0.24,256.85,12.39,168.24,81.51,75.54,0.58
1252,139,South,3,0.3,144.09,33.58,137.23,36.49,72.19,0.56
1389,190,South,9,0.01,3.23,43.75,967.43,573.68,71.25,0.56
1593,176,South,8,0.27,248.12,32.27,455.33,197.17,83.05,0.62
1882,132,West,4,0.19,142.81,33.86,177.95,42.51,69.91,0.55
1255,105,East,1,0.29,367.3,69.93,96.99,27.06,81.66,0.61
1708,187,West,1,0.14,11.97,52.69,67.77,15.08,80.29,0.6
1814,118,North,1,0.25,292.41,43.62,64.47,20.85,70.92,0.55
1920,179,North,1,0.02,470.74,62.62,124.98,62.36,63.12,0.52
1449,139,West,8,0.1,87.2,18.29,321.1,174.78,73.51,0.57
1009,191,West,3,0.02,235.82,118.71,561.55,205.42,67.66,0.54
1797,158,West,3,0.25,312.84,94.28,347.23,64.39,75.17,0.58
1241,158,South,5,0.26,275.27,21.61,158.5,50.45,71.19,0.56
1250,147,North,7,0.28,203.68,75.02,814.86,289.72,69.86,0.55
